Context	%Error	Counts	%A	%C	%G	%T	%-
TCCAA	25.6913	137432	2.8916	74.3087	1.01	1.0041	20.7856
CCCGG	25.5545	6492	4.0819	74.4455	1.08	2.4338	17.9606
GGAGT	25.3100	28143	74.6900	0.1421	3.42	0.5543	21.1918
CCCAC	25.2505	22459	0.4096	74.7495	0.70	3.7624	20.3749
CCCAG	25.1128	22391	2.4653	74.8872	2.52	4.3723	15.7563
CCCAA	25.0388	54735	1.6370	74.9612	1.26	7.0394	15.1037
CCCGA	24.6780	12809	3.0760	75.3220	1.64	4.1065	15.8560
CCCTA	24.3938	29733	0.6727	75.6062	0.20	1.6951	21.8276
GGAGC	23.5810	20050	76.4190	0.1945	3.43	0.3092	19.6459
CCCTT	23.1575	40747	1.3621	76.8425	0.55	1.7989	19.4468
GGCCC	22.7933	12179	2.7588	77.2067	2.08	3.2187	14.7385
GCCCC	21.9597	17523	1.4495	78.0403	1.00	6.5400	12.9715
GCACG	21.9348	42207	78.0652	0.1469	3.91	2.1868	15.6893
GAGGG	21.7573	18449	2.1410	0.1355	78.24	0.3361	19.1447
TCCAG	21.6467	62379	3.1709	78.3533	1.77	0.5659	16.1352
CCCGC	21.5151	13042	2.8447	78.4849	0.16	2.0472	16.4622
CCCCT	21.2580	22448	1.7953	78.7420	0.94	1.3899	17.1374
GCTTA	20.8516	92631	1.7251	1.7661	0.72	79.1484	16.6359
GCAGG	20.1754	47434	79.8246	0.5313	12.08	1.1975	6.3646
AGCCC	19.9486	20628	1.0568	80.0514	2.77	2.1330	13.9858
TCACG	19.5394	56839	80.4606	0.8322	3.93	1.2632	13.5118
CCCGT	19.5289	14563	2.7536	80.4711	1.40	0.9201	14.4544
CCCTG	19.1962	19035	1.6548	80.8038	0.19	1.4657	15.8813
AAGGG	18.7068	40381	5.0147	0.0941	81.29	0.1932	13.4048
TCACT	18.6609	124651	81.3391	1.4472	6.35	0.6939	10.1716
TTCCC	18.6448	49526	0.7289	81.3552	0.45	3.2104	14.2511
TCCGA	18.6229	34463	3.3746	81.3771	1.27	0.6848	13.2983
GCAGT	18.5694	84607	81.4306	0.5945	13.41	0.7671	3.7964
CTCCC	18.2528	16907	1.0765	81.7472	0.53	1.4018	15.2422
ACTTA	18.2157	172889	0.9578	2.9314	1.03	81.7843	13.2975
GGATT	18.1219	127680	81.8781	0.0564	3.42	1.4168	13.2245
TCCGG	18.0868	17228	3.9645	81.9132	1.10	0.4876	12.5319
ACCCC	17.8099	20017	1.2689	82.1901	1.34	4.9258	10.2713
AAAGA	17.7847	321692	82.2153	0.1850	2.19	0.2664	15.1427
AAAGG	17.7815	143121	82.2185	0.0985	2.67	0.2180	14.7966
GCTTG	17.7335	96529	2.8520	1.3996	0.88	82.2665	12.6055
ATCCC	17.6984	39546	0.7283	82.3016	0.55	1.0595	15.3644
AACCC	17.6887	38437	1.1473	82.3113	3.34	1.4257	11.7751
ACGGG	17.4971	14551	11.6349	0.5223	82.50	0.7216	4.6182
GCCCA	17.3295	31507	1.7679	82.6705	1.14	6.6461	7.7792
TCGGG	17.3058	13117	11.5194	1.2122	82.69	0.3278	4.2464
CCCCA	17.1167	30403	2.1511	82.8833	1.13	4.0588	9.7721
CCGCA	17.0373	27704	6.9160	1.6929	82.96	1.0576	7.3708
TCGCA	17.0228	74183	6.7374	1.5354	82.98	1.3871	7.3629
CCCAT	16.9156	64331	0.8643	83.0844	0.90	2.4654	12.6860
ACACG	16.8374	55543	83.1626	0.4195	3.62	1.3341	11.4668
GACCC	16.6814	18062	0.7862	83.3186	1.87	3.0617	10.9678
GCAGC	16.4880	72010	83.5120	0.4680	9.72	1.1609	5.1423
CGCCC	16.3065	14810	0.5807	83.6935	0.51	3.2681	11.9446
ACAGG	16.1842	62178	83.8158	0.6288	8.59	1.1435	5.8172
GTCCC	16.1567	18401	1.0543	83.8433	0.54	2.3803	12.1787
CCACG	16.1550	29706	83.8450	0.4107	2.77	0.6160	12.3578
TCACA	16.1305	104473	83.8695	1.3343	3.51	3.1070	8.1820
CACCC	16.0992	28840	0.5062	83.9008	1.22	1.6089	12.7670
CCCTC	16.0529	18358	0.8498	83.9471	0.14	0.7572	14.3044
CCCCG	15.9762	7724	2.5375	84.0238	0.79	2.5634	10.0854
GCACT	15.9158	64640	84.0842	0.3079	7.72	1.2423	6.6429
ACCCA	15.8914	49014	0.9324	84.1086	2.94	4.7701	7.2530
ACACT	15.8784	84719	84.1216	0.5571	6.37	1.0907	7.8636
GCCAA	15.8620	91401	1.6553	84.1380	1.21	5.0142	7.9802
ACTTG	15.7618	145091	1.6273	1.9753	1.12	84.2382	11.0351
ATACT	15.7554	174658	84.2446	0.6103	11.54	0.4786	3.1227
GAGAA	15.6952	91187	1.3149	0.0954	84.30	0.1470	14.1380
GGGAA	15.6195	49547	2.4078	0.1534	84.38	0.1554	12.9029
ACAGT	15.4662	101492	84.5338	0.5242	10.56	0.8592	3.5185
ATAGG	15.3969	66942	84.6031	0.7439	9.02	0.3600	5.2762
GGGAG	15.3391	16898	3.4560	0.1835	84.66	0.1953	11.5043
CCGGG	15.3091	6421	8.1607	0.4205	84.69	0.2803	6.4476
GGGCC	15.2721	12238	7.0518	1.0378	84.73	1.0051	6.1775
CCACT	15.2598	59293	84.7402	0.8045	5.42	0.6510	8.3804
TCCTA	15.0530	70345	0.9894	84.9470	0.28	0.9496	12.8296
AGAGG	14.9879	45103	85.0121	0.1530	3.27	0.2328	11.3274
TTCCA	14.8860	136887	0.5618	85.1140	0.57	2.9060	10.8447
GCAGA	14.8639	75956	85.1361	0.6701	6.02	1.3587	6.8145
CCGCT	14.8189	32364	4.5946	0.6643	85.18	1.1062	8.4538
CAGCC	14.7539	30270	8.5993	0.2279	85.25	1.6287	4.2980
GCACA	14.6702	81328	85.3298	0.2213	3.80	3.3654	7.2816
CCCCC	14.6197	10479	1.4410	85.3803	0.65	2.1472	10.3827
ATCCA	14.5937	145645	0.3934	85.4063	0.48	0.9997	12.7234
GCGGG	14.5365	13270	7.7393	0.5124	85.46	0.9269	5.3580
GTCCA	14.5019	61592	0.5715	85.4981	0.82	2.1691	10.9462
TGAGT	14.4444	85230	85.5556	0.2311	4.23	0.2534	9.7266
TTAGG	14.4442	111671	85.5558	0.4773	7.36	0.7979	5.8054
AAGCC	14.4276	65056	7.8133	0.3950	85.57	0.8931	5.3262
AGAGC	14.4064	43557	85.5936	0.2365	3.16	0.2204	10.7905
AGAGT	14.3368	51783	85.6632	0.1236	3.09	0.3997	10.7275
ATAGC	14.3052	107031	85.6948	0.4531	8.81	0.4485	4.5977
CACGC	14.2513	32348	0.3030	85.7487	0.14	1.8054	12.0007
CTTGA	14.2451	138356	1.8763	2.0382	0.93	85.7549	9.4026
AGAAA	14.2174	281346	85.7826	0.2026	1.69	0.2556	12.0702
CCTTT	14.1929	144044	1.1177	1.4135	1.08	85.8071	10.5815
ATACG	14.1566	110090	85.8434	0.9601	8.33	0.6477	4.2184
TTAGC	14.1533	151958	85.8467	0.3277	6.63	0.7370	6.4617
TGCCC	14.1311	28087	0.9186	85.8689	0.67	1.2212	11.3255
TTGGG	14.0876	54509	6.8136	0.3944	85.91	1.3190	5.5605
ACGCA	14.0865	69542	4.5066	1.0770	85.91	0.8527	7.6501
GCACC	14.0604	81349	85.9396	0.2754	4.26	2.2029	7.3191
AAGAG	14.0135	85917	3.2043	0.1152	85.99	0.1595	10.5346
CTTAA	14.0051	159042	1.0123	2.4044	1.02	85.9949	9.5641
GGGTG	13.9504	29060	3.4997	0.1101	86.05	5.6056	4.7350
CCTTA	13.9150	58491	4.1818	1.6789	1.45	86.0850	6.6010
TCCCG	13.8542	13209	2.1955	86.1458	0.51	0.8630	10.2809
CTAGC	13.8260	39122	86.1740	0.3681	7.64	1.1349	4.6828
TCGCT	13.7541	81852	4.0366	1.0299	86.25	1.0043	7.6834
ACAGC	13.7068	89671	86.2932	0.5174	6.91	1.2122	5.0685
TCAGG	13.6753	62624	86.3247	1.2391	7.75	0.3976	4.2907
GTAGG	13.6400	45352	86.3600	0.6593	7.03	0.6813	5.2699
ATAGA	13.6207	149031	86.3793	0.7368	5.43	0.4013	7.0563
CTAGG	13.5762	29176	86.4238	0.5895	7.26	0.6649	5.0624
GCTTT	13.5304	193054	1.3514	0.7889	0.42	86.4696	10.9653
TTGTG	13.5022	140073	5.7070	0.2527	86.50	3.6145	3.9280
CACGT	13.4222	76858	0.4320	86.5778	0.21	1.3896	11.3885
TAGGG	13.4139	29723	4.2223	0.2523	86.59	0.2792	8.6600
TACCC	13.4021	33353	0.4617	86.5979	1.69	0.8785	10.3769
TTAGT	13.3532	178354	86.6468	0.3403	9.28	0.5495	3.1841
GTACG	13.3402	49632	86.6598	0.5601	6.44	2.4198	3.9209
CGAAA	13.3304	113485	86.6696	0.2855	1.81	0.2696	10.9662
CTACT	13.2517	91264	86.7483	0.4043	6.54	2.1662	4.1407
TCGAG	13.1682	28098	3.5198	1.0428	86.83	0.2883	8.3173
CCGAG	13.1559	12063	2.6693	0.3399	86.84	0.3067	9.8400
AGGGG	13.1468	22127	4.4290	0.1039	86.85	0.2531	8.3608
CGAGA	13.1323	31731	86.8677	0.4349	3.18	0.4916	9.0259
CGAGT	13.1315	35411	86.8685	0.1666	4.33	0.2880	8.3477
GGCCA	13.1029	25399	1.6182	86.8971	1.23	3.0080	7.2444
CGAGG	13.0823	14577	86.9177	0.2675	3.93	0.2538	8.6300
GGGGG	13.0540	10311	4.2285	0.1843	86.95	0.4558	8.1854
GTCCG	12.9995	17516	0.8449	87.0005	0.55	2.0381	9.5627
CCAAA	12.9711	144244	87.0289	0.6385	1.92	0.6746	9.7363
AAACG	12.9636	153059	87.0364	0.6939	6.26	0.2947	5.7174
CGCCA	12.8564	68324	2.3125	87.1436	0.57	4.4157	5.5559
ATAGT	12.8519	149846	87.1481	0.6033	9.36	0.2549	2.6327
TAACT	12.8359	197119	87.1641	0.4317	7.71	0.5514	4.1457
TCGTA	12.8162	98945	6.2439	0.2456	87.18	2.8208	3.5060
GTAGC	12.7966	63501	87.2034	0.4425	6.54	0.7559	5.0613
CAACT	12.7933	160967	87.2067	0.3616	8.74	0.5660	3.1224
CTACG	12.7856	32959	87.2144	0.6827	4.14	1.7689	6.1925
GAGAG	12.7783	27985	2.6729	0.1394	87.22	0.1858	9.7802
GCCAC	12.7376	49554	0.5388	87.2624	0.47	4.0461	7.6845
ACCAA	12.7202	189792	1.1697	87.2798	0.96	3.1645	7.4255
TCACC	12.7012	92920	87.2988	1.2355	4.23	1.8478	5.3885
TGAGG	12.6811	43553	87.3189	0.3100	5.24	0.4133	6.7160
GTACT	12.6500	89273	87.3500	0.6587	7.65	1.3039	3.0334
AAGCA	12.6436	203139	6.7520	0.5385	87.36	0.2486	5.1044
GCGCT	12.6137	42977	2.1942	0.5352	87.39	1.1285	8.7558
GCCCG	12.6003	8103	2.1227	87.3997	1.00	2.9495	6.5284
CTAGT	12.5949	58587	87.4051	0.3926	9.15	0.5428	2.5091
TCGCC	12.5476	42263	4.6305	0.7193	87.45	1.6066	5.5912
ATGTG	12.5101	116322	5.6017	0.5064	87.49	1.5156	4.8864
GGGTA	12.5026	33369	3.4313	0.2128	87.50	4.1416	4.7170
GCGAG	12.4448	22411	2.4318	0.4641	87.56	0.4998	9.0491
ACGCT	12.4376	62737	2.7400	0.7874	87.56	0.7779	8.1324
CTACA	12.4197	112595	87.5803	0.8695	3.91	2.1546	5.4905
TAAGG	12.3858	58454	87.6142	0.2908	3.77	0.4106	7.9173
GTAGA	12.3823	88360	87.6177	0.5659	4.64	0.6655	6.5097
CTTGG	12.3350	67718	1.0972	1.9552	0.56	87.6650	8.7185
AAAGC	12.2908	191924	87.7092	0.2913	0.98	0.2381	10.7798
TGCAC	12.2629	104796	0.2844	87.7371	0.11	1.8159	10.0557
ACACC	12.2511	103525	87.7489	0.3854	3.97	1.5475	6.3444
CCACA	12.2452	61118	87.7548	0.5039	2.64	1.4497	7.6557
CCGTA	12.2279	37390	5.8732	0.2621	87.77	2.1664	3.9262
CTTAC	12.2278	81102	0.4414	2.0394	0.59	87.7722	9.1527
CAGCA	12.2192	140287	7.4219	0.4804	87.78	0.9117	3.4052
TCGCG	12.1993	24026	5.4316	0.4370	87.80	1.3277	5.0029
CACGA	12.1896	55129	0.3338	87.8104	0.61	2.6737	8.5744
AAACT	12.1829	182649	87.8171	0.4856	5.88	0.1927	5.6294
ACAAA	12.1773	295370	87.8227	1.0086	1.86	0.7878	8.5168
ACAGA	12.1667	97520	87.8333	0.6829	4.34	1.2644	5.8788
CTCCA	12.1415	50002	0.5820	87.8585	0.44	0.8220	10.2976
AAGAA	12.0928	320735	2.2648	0.1104	87.91	0.1581	9.5596
CCTTG	12.0910	63088	2.4648	1.6326	1.46	87.9090	6.5369
AAAGT	12.0890	262313	87.9110	0.1502	2.38	0.2886	9.2687
GTAAG	12.0880	81436	87.9120	0.8129	2.67	0.6017	8.0063
TCCCC	12.0703	23040	1.5755	87.9297	0.49	1.8837	8.1163
CTTAG	12.0440	70566	0.9495	1.8989	1.13	87.9560	8.0676
ACGCG	12.0364	29768	3.3895	0.2855	87.96	1.0447	7.3166
CCGCC	12.0143	23472	4.4777	0.5155	87.99	1.7638	5.2573
ACGAG	11.9917	40011	4.0214	0.4774	88.01	0.3699	7.1230
TTCCG	11.9876	41009	0.5682	88.0124	0.44	2.3092	8.6713
GTGGG	11.9808	22970	4.4449	0.3222	88.02	2.1463	5.0675
CAACG	11.9480	90994	88.0520	0.1890	7.97	0.6099	3.1804
ACCCG	11.9082	17870	1.2983	88.0918	1.54	2.3951	6.6704
TCAGT	11.8896	110735	88.1104	0.9320	8.31	0.3034	2.3416
ACTTT	11.8756	262505	0.6168	0.7086	0.58	88.1244	9.9750
GCAAA	11.8586	161023	88.1414	1.2054	1.97	0.6353	8.0492
AGCCA	11.8528	78488	1.8703	88.1472	1.64	3.0909	5.2530
AAACA	11.7530	298000	88.2470	0.6087	5.04	0.4624	5.6403
TTACG	11.7469	101916	88.2531	0.5004	4.82	0.9635	5.4594
GCGCA	11.7417	51875	3.9055	0.8154	88.26	1.2742	5.7465
GGAAA	11.6698	106223	88.3302	0.1826	1.49	0.2438	9.7559
TCGAA	11.6638	101185	4.3109	0.9201	88.34	0.1730	6.2598
CCGGC	11.6186	13246	7.6551	0.1963	88.38	0.4605	3.3067
TGAGA	11.6050	69815	88.3950	0.4125	2.96	0.8036	7.4282
TTTAC	11.5906	241721	0.3533	1.1695	0.89	88.4094	9.1734
GGGCT	11.5303	20650	7.1864	0.3002	88.47	0.4600	3.5835
TAAGA	11.5113	131688	88.4887	0.3235	2.15	0.3751	8.6621
GCGCC	11.4815	31285	3.0718	0.2941	88.52	1.5471	6.5686
TTGCA	11.4496	208427	5.0142	0.7825	88.55	1.5027	4.1501
CGGCC	11.4404	8470	5.0531	0.3424	88.56	2.2668	3.7780
TTTCC	11.4374	105793	0.8762	0.9490	0.46	88.5626	9.1490
CAGCT	11.4372	102062	7.4131	0.1901	88.56	0.5595	3.2745
GAGAT	11.4310	73563	3.0695	0.0843	88.57	0.3480	7.9293
GTAAA	11.4310	241685	88.5690	0.7638	1.89	0.5015	8.2790
TTTCA	11.4001	367531	0.6329	1.6505	0.55	88.5999	8.5677
ACGGC	11.3659	29650	6.8769	0.1653	88.63	0.6981	3.6256
TTAAA	11.3451	614900	88.6549	0.8156	1.33	1.0673	8.1304
CAGGG	11.3056	19309	2.7759	0.2020	88.69	0.1968	8.1309
CTAGA	11.2994	57534	88.7006	0.6587	4.47	0.7874	5.3846
GCCAG	11.2827	33210	1.3369	88.7173	1.49	2.9840	5.4743
TCCGC	11.2788	24116	2.4507	88.7212	0.19	0.5805	8.0527
ACGCC	11.2713	44875	3.8797	0.2518	88.73	1.2234	5.9164
TAGAG	11.2684	69664	2.6585	0.3503	88.73	0.4479	7.8118
TCAAA	11.2560	311941	88.7440	1.4128	1.69	0.2818	7.8669
CTAAA	11.2267	278836	88.7733	0.8772	1.26	1.0375	8.0524
ATACA	11.1827	215529	88.8173	0.9307	5.47	0.8249	3.9568
GTGTG	11.1813	53536	3.1960	0.3063	88.82	4.4531	3.2259
CACAT	11.1785	116035	0.1724	88.8215	0.26	1.9968	8.7465
CGCAA	11.1543	81242	0.9552	88.8457	0.64	5.0467	4.5075
TCATA	11.1371	226333	88.8629	2.3271	3.43	2.1371	3.2417
CGCAC	11.0650	34668	0.2625	88.9350	0.10	2.5153	8.1862
ATACC	11.0456	135167	88.9544	0.3285	6.73	0.6510	3.3351
GAGGT	11.0087	45673	4.2169	0.0635	88.99	0.7422	5.9860
TTACT	10.9921	191537	89.0079	0.6119	6.11	0.6589	3.6108
TCGTG	10.9875	55891	5.8507	0.1217	89.01	2.8001	2.2150
GAGCC	10.9672	23397	4.1116	0.7052	89.03	0.6454	5.5050
ACGTA	10.9597	103762	4.4535	0.2332	89.04	2.1713	4.1017
AAGTA	10.9536	222375	4.0477	0.1952	89.05	3.4896	3.2211
GTACC	10.9414	71380	89.0586	0.4441	5.58	1.7386	3.1816
TGAAA	10.9311	366778	89.0689	0.3114	1.69	0.3577	8.5711
ATGGG	10.9179	63950	4.9179	0.3597	89.08	0.4128	5.2275
TTTGC	10.9142	160736	0.7217	0.6887	0.35	89.0858	9.1585
CCGCG	10.9110	8716	4.4975	0.4360	89.09	0.9752	5.0023
CCAGG	10.8895	32637	89.1105	0.3125	5.03	0.6036	4.9453
GTACA	10.8787	110151	89.1213	0.4621	3.87	2.6255	3.9183
GTAGT	10.8433	82862	89.1567	0.4731	6.95	0.3765	3.0472
CGATT	10.8322	147412	89.1678	0.0902	3.82	0.7421	6.1840
CTGGG	10.8232	22498	4.4404	1.0845	89.18	0.5512	4.7471
CAACA	10.7892	252382	89.2108	0.2671	7.09	0.8939	2.5430
TCCCA	10.7828	53001	1.3924	89.2172	0.76	1.2566	7.3772
CTGTG	10.7765	45293	4.4047	0.5255	89.22	2.0997	3.7467
GAGTA	10.7564	54135	1.8620	0.1441	89.24	4.6624	4.0879
ATCCG	10.7516	40366	0.6144	89.2484	0.38	0.8646	8.8936
TCAGA	10.7465	96050	89.2535	0.9953	4.20	0.4321	5.1182
TCGGA	10.7065	34353	6.8437	1.0159	89.29	0.2125	2.6344
CGAGC	10.6494	20865	89.3506	0.1246	6.14	0.3019	4.0786
CACCA	10.6375	153909	0.4106	89.3625	2.66	2.0434	5.5195
CGGAG	10.6121	12024	2.8360	0.5406	89.39	0.3077	6.9278
TGGGG	10.5933	30491	6.4642	0.4067	89.41	0.4001	3.3223
CAAGA	10.5564	132830	89.4436	0.2695	2.13	0.3967	7.7588
ATAAA	10.5553	517456	89.4447	1.1025	1.68	0.4138	7.3573
CAACC	10.5388	66032	89.4612	0.2847	7.13	0.7754	2.3519
TTAGA	10.5003	215765	89.4997	0.4556	3.88	0.8009	5.3637
TAGCC	10.4787	43660	4.2029	0.1809	89.52	1.7980	4.2968
AGAAG	10.4720	176566	89.5280	0.2328	1.35	0.2458	8.6393
TCGGC	10.4597	26215	7.1982	0.3509	89.54	0.4883	2.4223
AAATT	10.4497	523563	89.5503	0.1862	3.08	0.9382	6.2407
TACAC	10.4480	101627	0.1368	89.5520	0.19	1.8450	8.2744
TCTGA	10.4315	96065	3.3061	1.6791	0.87	89.5685	4.5771
GCAAG	10.4203	78635	89.5797	1.0517	2.16	0.8444	6.3674
CGAAT	10.4202	107359	89.5798	0.2282	6.46	0.3297	3.3998
AAACC	10.4080	133446	89.5920	0.5568	4.45	0.5231	4.8769
TCCAC	10.3552	58444	0.3388	89.6448	0.36	1.0386	8.6202
CGGGG	10.3538	7688	6.6077	0.2471	89.65	0.2341	3.2648
TCGGT	10.3308	56104	8.2864	0.4385	89.67	0.2709	1.3350
GGCAC	10.2487	42542	1.7653	89.7513	0.19	1.5091	6.7886
CACAG	10.2305	45296	0.4062	89.7695	2.55	2.4925	4.7797
TTTAA	10.2228	615983	1.0268	1.5401	0.80	89.7772	6.8528
GGCCG	10.2077	8474	1.7229	89.7923	1.12	1.6639	5.6998
GCCTA	10.2047	38541	1.3466	89.7953	0.14	2.0965	6.6189
GAGCA	10.1939	57721	4.1337	0.4990	89.81	0.2703	5.2910
ATGCA	10.1888	189521	5.0385	0.7271	89.81	0.8252	3.5980
AAGCT	10.1275	132432	5.1287	0.1661	89.87	0.2092	4.6235
TCAGC	10.1172	93959	89.8828	0.8642	5.22	0.5875	3.4494
AGGAG	10.1049	45097	3.1953	0.1286	89.90	0.1353	6.6457
TTTAT	10.0952	518850	0.4263	1.3869	0.63	89.9048	7.6490
GACCA	10.0472	71801	0.9053	89.9528	0.75	3.9052	4.4832
TCATG	10.0348	132020	89.9652	1.1377	4.35	1.1725	3.3730
GGGGA	10.0336	22614	2.8168	0.1459	89.97	0.2830	6.7878
CCAAG	10.0111	67845	89.9889	0.5616	1.72	0.7208	7.0130
CACGG	10.0025	19935	0.3411	89.9975	0.29	2.0868	7.2837
AGAGA	9.9854	78645	90.0146	0.1780	2.43	0.2937	7.0837
TTTGT	9.9769	296866	0.7387	0.8425	0.61	90.0231	7.7830
TGAGC	9.9678	58127	90.0322	0.1996	5.31	0.2632	4.1925
GCCTT	9.9667	61214	1.4621	90.0333	0.75	1.2121	6.5459
TCCGT	9.9527	35327	3.5554	90.0473	1.02	0.4020	4.9707
ACATG	9.9422	124138	90.0578	0.5341	3.45	0.7443	5.2160
ATGCC	9.9314	83694	5.9909	0.4050	90.07	0.7874	2.7481
TTTCT	9.9301	282655	0.7422	1.1884	0.64	90.0699	7.3645
TTTAG	9.9057	279010	0.8724	1.1315	1.34	90.0943	6.5600
CCGGT	9.9026	21348	7.4855	0.2108	90.10	0.3045	1.9018
ACACA	9.8580	106147	90.1420	0.7377	3.55	1.9228	3.6497
CAAGG	9.8580	62802	90.1420	0.2118	2.98	0.3837	6.2832
TGGCT	9.8433	78439	5.5840	0.2486	90.16	0.8988	3.1120
CCTAC	9.8254	45698	1.1116	1.4858	0.30	90.1746	6.9325
GTCCT	9.7974	41021	1.1531	90.2026	0.90	1.4651	6.2773
CTGCA	9.7593	116187	3.1501	1.1086	90.24	1.1774	4.3232
AACCA	9.7368	159745	1.0273	90.2632	1.88	2.5190	4.3056
CGCCG	9.6932	15970	1.6656	90.3068	0.45	3.0056	4.5711
TAGCA	9.6898	143274	3.9714	0.5667	90.31	0.8571	4.2946
CGCGA	9.6812	24181	0.8519	90.3188	0.33	4.8964	3.5979
TTACA	9.6731	227994	90.3269	0.4833	2.87	1.2119	5.1085
GGCTC	9.6716	23688	4.5297	90.3284	0.24	0.5699	4.3313
GCGGC	9.6702	17952	5.2807	0.1393	90.33	0.6629	3.5873
TGTAG	9.6694	111868	0.7178	3.2807	1.35	90.3306	4.3212
TTTCG	9.6403	114540	0.7177	1.4144	0.37	90.3597	7.1338
CACAA	9.6325	138812	0.6505	90.3675	1.92	2.4061	4.6531
CCACC	9.6258	70820	90.3742	0.5507	3.58	1.2002	4.2926
TTAAG	9.6229	159391	90.3771	0.7554	1.87	0.8551	6.1471
GTGTA	9.6052	101508	2.4087	0.5014	90.39	2.0452	4.6499
CGAAG	9.5936	61041	90.4064	0.4096	1.42	0.2474	7.5163
AGGAA	9.5374	81846	1.8608	0.0941	90.46	0.1002	7.4823
CATTT	9.5319	396174	0.5836	0.7052	0.90	90.4681	7.3480
GTGCC	9.5285	42777	3.8198	0.3413	90.47	2.3237	3.0437
ATAAG	9.5271	145207	90.4729	1.1583	2.45	0.3912	5.5231
GCCCT	9.5025	18574	1.6744	90.4975	1.07	1.2814	5.4754
TGTTT	9.5009	298845	1.0634	0.6348	0.58	90.4991	7.2218
TGGCC	9.5006	25209	2.3722	0.5236	90.50	2.5150	4.0898
AGTTT	9.4993	182550	0.7976	0.3982	1.96	90.5007	6.3451
CCGTC	9.4986	25130	6.8006	0.1154	90.50	0.3621	2.2205
CGCGG	9.4689	9019	1.0090	90.5311	0.22	4.8453	3.3928
GGTTT	9.4603	132152	1.1895	0.4465	1.11	90.5397	6.7127
TTTGA	9.4575	311995	0.5442	1.2834	0.74	90.5425	6.8931
GAGGC	9.4414	27284	3.0714	0.1136	90.56	0.2749	5.9815
CTTGC	9.4370	78245	0.9598	1.0096	0.34	90.5630	7.1276
GGCCT	9.4333	13463	2.0649	90.5667	0.85	1.1736	5.3406
GAGCT	9.4315	33844	3.3684	0.2955	90.57	0.4196	5.3481
CTCCG	9.4232	12257	0.7669	90.5768	0.25	0.9301	7.4733
TCTAA	9.4140	216305	1.4364	2.2135	0.58	90.5860	5.1802
CGCTA	9.3767	58592	1.5565	90.6233	0.19	2.0651	5.5673
AAGTG	9.3714	144504	3.4020	0.1100	90.63	3.8227	2.0366
CTACC	9.3686	44062	90.6314	0.1475	4.09	1.3118	3.8196
AACGC	9.3475	85178	0.5095	90.6525	0.46	0.8535	7.5266
ACATA	9.3443	179158	90.6557	0.9863	2.65	1.0170	4.6919
CTGCG	9.3384	28324	2.7821	0.7873	90.66	1.0451	4.7239
TTGCC	9.3301	80278	4.2776	0.4248	90.67	1.3777	3.2500
TCCTG	9.2958	56875	1.8673	90.7042	0.23	0.7015	6.4985
ACATT	9.2952	265869	90.7048	0.2151	4.14	0.6665	4.2765
TAACC	9.2755	86648	90.7245	0.2677	4.96	1.0121	3.0330
CTAAG	9.2608	70469	90.7392	0.7720	1.86	0.9976	5.6323
CTGCT	9.2220	102700	3.1733	0.5054	90.78	1.6835	3.8598
GTGCA	9.2189	104655	2.9726	0.4969	90.78	2.3936	3.3558
GAAGT	9.2046	133096	90.7954	0.1570	2.39	0.3742	6.2804
TTGGC	9.1961	90941	5.0131	0.1550	90.80	0.7301	3.2977
CCAGT	9.1673	64152	90.8327	0.3429	5.43	0.4178	2.9773
CCAGA	9.1619	60315	90.8381	0.3896	2.86	0.8505	5.0584
TAGTG	9.1584	92713	3.9261	0.1769	90.84	2.9910	2.0644
GAATT	9.1547	231793	90.8453	0.1579	2.93	0.9772	5.0873
TAGTA	9.1468	150097	3.2919	0.1812	90.85	3.3878	2.2859
GAGTG	9.1433	43529	1.6196	0.1332	90.86	3.9445	3.4460
CTGCC	9.1427	32463	3.6934	0.4836	90.86	1.0751	3.8906
TAACG	9.1387	116143	90.8613	0.3694	4.80	0.5020	3.4630
GTGCT	9.1250	87211	3.0948	0.3004	90.88	2.1339	3.5959
TCTAC	9.1189	88629	0.8564	1.6101	0.33	90.8811	6.3219
ACGGT	9.0975	54938	6.3890	0.2293	90.90	0.5825	1.8967
TCTTT	9.0871	324030	0.8123	0.8225	0.45	90.9129	7.0006
GCCGA	9.0713	26402	1.6022	90.9287	0.84	2.1589	4.4731
GGAAG	9.0634	53170	90.9366	0.2163	1.15	0.2445	7.4478
CTTTG	9.0289	142974	0.7393	1.1750	0.53	90.9711	6.5844
CACTT	9.0195	144654	0.1756	90.9805	0.27	0.6478	7.9286
CAGAG	9.0161	35481	2.5507	0.2847	90.98	0.2170	5.9638
ACGAA	8.9889	110892	3.4213	0.5095	91.01	0.2768	4.7812
ATGCG	8.9824	79789	4.3101	0.5728	91.02	0.6705	3.4290
CGCAG	8.9435	28311	0.8513	91.0565	0.59	3.2849	4.2174
GCCTG	8.9344	31944	2.2821	91.0656	0.21	1.4651	4.9775
ACAAG	8.9150	153314	91.0850	0.9503	1.80	0.9184	5.2507
ACCAG	8.8874	95438	1.0572	91.1126	1.03	2.1847	4.6145
GCATG	8.8860	72732	91.1140	0.4166	3.49	0.4771	4.5042
CCGTG	8.8304	20101	4.7659	0.1890	91.17	1.5372	2.3382
GGGTC	8.8222	17932	3.6527	0.0390	91.18	1.6786	3.4519
CCTGC	8.8045	47521	1.4730	0.9827	0.42	91.1955	5.9300
GAGGA	8.7915	40357	1.3579	0.1214	91.21	0.2329	7.0793
GGAGA	8.7804	47344	91.2196	0.1457	1.19	0.2471	7.1963
AGGGA	8.7782	35326	3.3771	0.0821	91.22	0.1982	5.1209
GCCGC	8.7639	17572	1.3260	91.2361	0.21	1.8040	5.4234
CTTTT	8.7543	325816	0.5076	1.3026	0.43	91.2457	6.5153
AGCCG	8.7472	24568	1.3758	91.2528	1.56	1.8805	3.9279
ACCAC	8.7410	90505	0.2574	91.2590	0.43	2.3778	5.6748
TGCTC	8.7328	57599	2.4740	91.2672	0.31	0.7483	5.1980
ATGGC	8.7111	106864	4.7958	0.1694	91.29	0.4202	3.3257
AATTG	8.7075	363330	0.2766	0.3985	5.43	91.2925	2.6064
GCGTA	8.7067	54544	2.6272	0.2530	91.29	1.1679	4.6586
TAACA	8.7050	242643	91.2950	0.3956	4.07	0.9776	3.2636
TCTAG	8.7032	57818	1.6344	2.0651	0.63	91.2968	4.3741
TTGTA	8.6873	253957	3.2025	0.3493	91.31	1.1151	4.0204
GGGGT	8.6844	20059	4.9055	0.1047	91.32	1.0519	2.6223
TTACC	8.6660	144450	91.3340	0.2686	3.52	1.0322	3.8435
AAATA	8.6590	521159	91.3410	0.4511	1.75	0.4212	6.0352
CAGCG	8.6416	39310	3.7726	0.2366	91.36	0.7733	3.8591
GGCGC	8.6324	31150	2.4334	91.3676	0.25	0.7319	5.2135
CCTGA	8.6261	62867	2.8632	1.7799	0.70	91.3739	3.2799
GCCGG	8.6177	13159	1.4667	91.3823	0.54	1.8466	4.7648
AAATG	8.6036	396705	91.3964	0.2846	1.96	0.4905	5.8719
TTCCT	8.5972	82434	0.6915	91.4028	0.54	1.5976	5.7658
TCAAG	8.5709	136741	91.4291	1.3551	1.78	0.2728	5.1594
TTGCT	8.5519	197804	3.4190	0.2922	91.45	1.0970	3.7436
ATGTC	8.5402	123135	4.9807	0.5344	91.46	0.2712	2.7539
CGAAC	8.5356	48210	91.4644	0.2219	5.99	0.3153	2.0079
TGTAA	8.5273	227996	0.8180	3.3566	1.03	91.4727	3.3237
GGGAT	8.5271	40131	2.3747	0.0449	91.47	0.2218	5.8857
GCATA	8.5221	117342	91.4779	0.8462	2.59	0.8616	4.2244
CTCCT	8.5134	45270	1.0559	91.4866	0.62	0.5103	6.3243
CTGTA	8.5114	113765	2.9543	0.6522	91.49	1.1497	3.7551
CTGTC	8.5069	52393	4.7468	0.4352	91.49	0.7692	2.5557
ACCTT	8.5057	149018	1.4434	91.4943	0.65	1.0630	5.3517
AGACG	8.4796	53340	91.5204	0.5493	4.67	0.3656	2.8984
ACGTG	8.4774	76899	3.3511	0.1313	91.52	1.8167	3.1782
CAGTA	8.4736	118545	3.2005	0.1282	91.53	3.0385	2.1064
GGGCA	8.4729	27830	3.5968	0.3917	91.53	0.3989	4.0855
TACGC	8.4663	55148	0.4007	91.5337	0.18	1.1224	6.7672
GTGGC	8.4602	49313	3.6441	0.1480	91.54	1.0646	3.6035
CGGCT	8.4541	24840	3.3696	0.1490	91.55	0.8333	4.1023
ACCGC	8.4193	37533	1.1989	91.5807	0.20	1.4068	5.6137
ATGCT	8.4113	156646	3.8743	0.3932	91.59	0.6601	3.4837
TAGCT	8.4078	116035	4.9295	0.2318	91.59	0.4223	2.8241
TAAGC	8.4003	92723	91.5997	0.3537	1.87	0.4249	5.7526
CGCCT	8.3832	42788	0.8741	91.6168	0.28	1.6360	5.5974
GGAAT	8.3725	100651	91.6275	0.1451	2.86	0.2663	5.1048
CAGAC	8.3694	47399	5.3102	0.1034	91.63	0.1857	2.7701
GCGGT	8.3597	37573	5.3496	0.2901	91.64	0.4525	2.2676
GAGAC	8.3398	34857	1.3369	0.1951	91.66	0.1951	6.6127
AAAAG	8.3376	324543	91.6624	0.1568	1.36	0.1747	6.6447
CTTAT	8.3030	144731	0.3427	1.2983	0.46	91.6970	6.2025
AGATT	8.2786	180260	91.7214	0.1320	2.98	0.6629	4.5052
TTTGG	8.2726	143800	0.5814	0.9284	0.54	91.7274	6.2204
GTCAC	8.2721	61387	0.6760	91.7279	1.05	1.4042	5.1444
GAAGC	8.2543	113613	91.7457	0.3389	1.63	0.2315	6.0539
GACAC	8.2537	55284	0.2876	91.7463	0.62	2.4600	4.8839
TATTT	8.2392	521069	0.5874	0.8387	1.56	91.7608	5.2555
CGTTT	8.2249	153704	0.5823	0.4496	0.51	91.7751	6.6836
CGCTC	8.2194	27946	2.0504	91.7806	0.19	0.8946	5.0812
GTCGC	8.2180	39438	2.2440	91.7820	0.55	0.9914	4.4348
GTGTC	8.2137	54981	3.6576	0.4638	91.79	0.9167	3.1756
ACTGC	8.2073	84413	1.2936	1.0283	0.28	91.7927	5.6058
ATCCT	8.2068	90620	0.7912	91.7932	0.63	0.6257	6.1554
CACCG	8.1857	41389	0.5001	91.8143	1.28	1.3216	5.0811
GAGCG	8.1835	27641	1.8017	0.3437	91.82	0.3039	5.7342
CGGTG	8.1680	40928	2.4311	0.1002	91.83	3.6674	1.9693
TGGTG	8.1678	153273	2.6926	0.1807	91.83	3.2341	2.0604
TTGCG	8.1610	81657	3.0334	0.2780	91.84	1.0985	3.7511
GCGAA	8.1276	70980	2.3922	0.4156	91.87	0.2930	5.0268
GACGC	8.1143	34273	0.5106	91.8857	0.42	1.1408	6.0397
TCCTT	8.1122	91319	2.7508	91.8878	0.84	0.6570	3.8656
AGGTG	8.0930	123218	2.5670	0.1096	91.91	3.5790	1.8374
TGCGC	8.0903	51939	1.1610	91.9097	0.12	1.1764	5.6374
CCGAA	8.0772	47021	2.8455	0.2276	91.92	0.1531	4.8510
TATTA	8.0749	431846	2.3200	0.6963	2.35	91.9251	2.7044
AGGCC	8.0721	13590	3.7086	0.5077	91.93	0.9345	2.9213
CCATA	8.0614	127435	91.9386	0.9071	2.19	1.4148	3.5540
TGTAC	8.0608	110473	0.4273	2.0322	1.38	91.9392	4.2200
AGCGC	8.0596	43166	0.9429	91.9404	0.21	0.9336	5.9769
AGGCT	8.0548	39008	4.0581	0.2538	91.95	0.4358	3.3070
CGCTG	8.0356	39151	1.3384	91.9644	0.18	1.6475	4.8734
CTGGC	8.0136	33356	3.5586	0.5276	91.99	0.6296	3.2978
TAGAA	8.0035	199076	1.6642	0.2672	92.00	0.2260	5.8460
GCATT	7.9876	204817	92.0124	0.1885	3.85	0.3613	3.5925
CAGAA	7.9874	128790	1.5855	0.1693	92.01	0.1724	6.0603
ATGAG	7.9849	89281	3.0544	0.4447	92.02	0.4178	4.0681
TCATT	7.9838	362724	92.0162	0.2619	4.37	0.5224	2.8269
GGGGC	7.9617	17647	4.7940	0.1530	92.04	0.4193	2.5953
GACTA	7.9567	66045	0.5648	92.0433	0.30	2.6315	4.4651
CACCT	7.9072	124482	0.4097	92.0928	0.81	0.7937	5.8892
CTTGT	7.8736	153995	1.0137	1.1156	0.55	92.1264	5.1976
GCCGT	7.8532	29695	2.1047	92.1468	0.83	0.8756	4.0478
GTGCG	7.8494	34563	2.4361	0.3240	92.15	1.8748	3.2144
CTCGC	7.8426	22569	1.7591	92.1574	0.29	0.6824	5.1088
GAAGG	7.8323	76772	92.1677	0.1329	1.35	0.2670	6.0856
CACTG	7.8255	52712	0.2884	92.1745	0.16	1.4722	5.9095
TGCCA	7.8193	109396	0.9991	92.1807	0.61	1.3483	4.8622
AAGGA	7.8056	90832	2.5575	0.0914	92.19	0.1453	5.0114
CGCGT	7.7315	29438	0.7236	92.2685	0.21	1.3384	5.4589
TTATT	7.7268	503053	92.2732	0.3622	3.57	0.5663	3.2247
GAAGA	7.7178	181761	92.2822	0.1590	1.28	0.2806	5.9958
AGCAC	7.7132	87499	0.4080	92.2868	0.12	1.3280	5.8526
GGCTA	7.7108	43186	1.3453	92.2892	0.27	1.5885	4.5061
TACGA	7.6811	98671	0.3091	92.3189	0.35	1.9084	5.1089
ACCTA	7.6735	115110	0.4882	92.3265	0.15	1.4482	5.5851
CACTA	7.6564	92550	0.3263	92.3436	0.17	1.0924	6.0637
CGATG	7.6557	84969	92.3443	0.0989	2.37	1.2628	3.9191
CTCAC	7.6476	35580	0.2951	92.3524	0.67	0.6633	6.0202
CTGAG	7.6461	36136	1.9122	1.3311	92.35	0.4372	3.9656
CGCAT	7.6458	79102	0.3211	92.3542	0.09	1.1580	6.0744
TTCAC	7.6389	143515	0.2167	92.3611	0.39	1.5072	5.5290
AGGGT	7.6380	31841	4.8993	0.0785	92.36	0.8794	1.7807
TGAAT	7.6331	285677	92.3669	0.2139	4.25	0.2135	2.9533
GACCG	7.6232	22248	0.9124	92.3768	0.76	2.1665	3.7801
AAGCG	7.6119	94497	2.6985	0.3281	92.39	0.2952	4.2901
CCATG	7.6105	67223	92.3895	0.5668	2.89	0.7572	3.3976
TAATT	7.6055	469032	92.3945	0.2202	3.89	0.6298	2.8610
TAGAC	7.5970	70528	5.6290	0.1148	92.40	0.1687	1.6844
TAGGC	7.5908	38481	4.9999	0.2053	92.41	0.2963	2.0893
TATTG	7.5832	277442	1.3718	0.6506	2.47	92.4168	3.0897
CGCGC	7.5624	17468	0.7499	92.4376	0.12	1.9121	4.7802
AATTT	7.5465	524803	0.7241	0.5274	1.24	92.4535	5.0541
GATTT	7.5330	307169	0.3272	0.3509	1.55	92.4670	5.3003
ACCGA	7.5004	56237	1.5186	92.4996	0.60	1.6075	3.7698
GCTGC	7.4919	71904	1.5396	0.9332	0.24	92.5081	4.7744
ATATT	7.4904	491685	92.5096	0.5223	3.77	0.2239	2.9751
ACCGT	7.4840	55679	2.5629	92.5160	0.64	0.7615	3.5184
TCCTC	7.4790	40741	2.1796	92.5210	0.28	0.5670	4.4476
AGAAT	7.4672	175100	92.5328	0.1862	2.26	0.3170	4.7053
GGAGG	7.4599	28499	92.5401	0.1509	0.71	0.2176	6.3827
TTCGC	7.4533	70600	1.4150	92.5467	0.35	1.3640	4.3272
CTTTA	7.4500	327502	0.7438	1.0376	0.91	92.5500	4.7630
GCAAT	7.4498	210771	92.5502	0.6718	2.34	0.7335	3.7088
GGCAA	7.4379	80265	1.0154	92.5621	0.57	1.9112	3.9457
GCGTG	7.4277	32177	2.5453	0.1336	92.57	1.1157	3.6330
GCCAT	7.3899	107471	0.8356	92.6101	0.54	1.5260	4.4896
AGCCT	7.3850	38727	1.1981	92.6150	1.01	0.8444	4.3303
CGGTA	7.3813	56670	2.2499	0.1641	92.62	2.3857	2.5816
TCCAT	7.3651	135816	1.3467	92.6349	0.51	0.4941	5.0178
AAATC	7.3558	305692	92.6442	0.1430	1.59	0.3484	5.2733
TAAGT	7.3557	173635	92.6443	0.4175	2.90	0.2782	3.7625
CGACA	7.3548	74400	92.6452	0.1720	3.18	1.1586	2.8401
GTGAG	7.3492	35269	1.6105	0.3573	92.65	0.8449	4.5366
ATGTA	7.3278	197712	2.9366	0.7319	92.67	0.6757	2.9836
CGGGT	7.3217	18288	5.0853	0.0766	92.68	0.8147	1.3451
CGACG	7.3215	32316	92.6785	0.1300	3.71	0.8386	2.6427
GAAAG	7.3006	126552	92.6994	0.2481	1.37	0.2078	5.4744
TCTGG	7.2849	60179	2.0206	1.6335	0.32	92.7151	3.3134
CATAA	7.2802	211725	0.3056	3.3213	0.64	92.7198	3.0152
CTATT	7.2673	174246	92.7327	0.4465	3.33	0.4976	2.9912
AGGTA	7.2520	136982	2.1368	0.1548	92.75	2.5558	2.4047
GGGTT	7.2501	38579	0.9980	0.1063	92.75	2.1177	4.0281
ACCGG	7.2227	21460	1.3514	92.7773	0.41	1.5517	3.9049
AACCG	7.2225	50578	0.8027	92.7775	1.36	1.5501	3.5075
TAATG	7.2206	328160	92.7794	0.2941	2.20	1.6135	3.1156
TGGAG	7.2190	49979	1.5587	0.4642	92.78	0.4122	4.7840
TGGTA	7.2173	168733	1.9498	0.2051	92.78	2.4447	2.6177
TAGTC	7.2101	66032	4.8764	0.0833	92.79	0.8602	1.3902
CAGTG	7.1999	53251	2.9783	0.1089	92.80	2.3436	1.7690
GCAAC	7.1990	117267	92.8010	0.5082	2.31	0.8553	3.5210
GCCTC	7.1981	27160	1.7489	92.8019	0.28	1.2923	3.8807
CATAG	7.1823	76285	0.4509	2.6506	0.57	92.8177	3.5066
TCTGC	7.1419	75890	1.6432	0.8776	0.23	92.8581	4.3892
TTGAG	7.1266	96034	1.7983	0.3905	92.87	0.6217	4.3162
ACGGA	7.1090	35476	3.6898	0.4989	92.89	0.6089	2.3114
GAACG	7.0657	66391	92.9343	0.2380	3.68	0.4865	2.6660
ACCTG	7.0135	97155	1.2598	92.9865	0.23	0.9294	4.5968
TAATA	7.0113	432885	92.9887	0.4421	2.12	1.2916	3.1616
CCTAG	7.0035	29071	1.6167	1.9470	0.54	92.9965	2.8964
AACAC	6.9993	140142	0.2733	93.0007	0.34	1.7104	4.6710
CGGGC	6.9977	8117	4.2503	0.2094	93.00	0.4435	2.0944
CCAGC	6.9919	56294	93.0081	0.2771	2.79	0.7194	3.2064
TGGCA	6.9759	108946	1.4429	0.4222	93.02	1.3355	3.7753
CACAC	6.9756	52913	0.1058	93.0244	0.27	2.1753	4.4242
CACTC	6.9747	43371	0.3712	93.0253	0.12	0.7586	5.7273
CTTTC	6.9692	127346	0.8394	0.9298	0.50	93.0308	4.6959
CTTCT	6.9605	177876	1.7630	0.5948	1.73	93.0395	2.8773
CGGCG	6.9594	16122	2.2082	0.2047	93.04	0.6079	3.9387
GGGCG	6.9557	14995	2.7342	0.1801	93.04	0.3668	3.6746
TGAAG	6.9480	214421	93.0520	0.3386	1.37	0.2989	4.9361
AGACA	6.9381	105461	93.0619	0.4931	3.20	0.6012	2.6427
TGTGA	6.9308	106063	0.8429	2.0714	1.02	93.0692	2.9944
GTAAT	6.9300	232121	93.0700	0.5652	2.12	0.3408	3.9027
GGAAC	6.9039	49508	93.0961	0.1858	2.69	0.3959	3.6358
TGACA	6.8980	136199	93.1020	0.3326	2.75	0.7416	3.0756
TGATT	6.8955	338394	93.1045	0.1433	3.10	0.4583	3.1901
GCGCG	6.8875	17597	2.1424	0.3012	93.11	0.9718	3.4722
TGTAT	6.8804	216615	0.6223	2.1845	0.44	93.1196	3.6350
GAACC	6.8802	67295	93.1198	0.3418	2.76	0.6048	3.1696
ACCCT	6.8426	31786	1.1011	93.1574	0.89	1.0036	3.8445
CAAGT	6.8401	144048	93.1599	0.2610	2.59	0.3159	3.6752
AGCAA	6.8249	197556	0.7319	93.1751	0.50	2.2728	3.3206
CAGAT	6.8105	118199	4.0229	0.0711	93.19	0.1624	2.5542
CGGAA	6.7900	40987	0.9222	0.2757	93.21	0.1488	5.4432
GGCTG	6.7657	30699	1.4235	93.2343	0.21	1.1206	4.0164
TAGGA	6.7641	69795	2.6406	0.2278	93.24	0.2135	3.6822
TACAG	6.7610	114569	0.3840	93.2390	0.75	1.2997	4.3293
TGCCT	6.7554	63875	1.2431	93.2446	0.41	0.6951	4.4023
CAATT	6.7487	362915	93.2513	0.1482	3.48	0.6426	2.4758
CGGGA	6.7194	13275	3.9699	0.1356	93.28	0.2486	2.3653
AAGGC	6.7049	61179	2.4387	0.1635	93.30	0.2779	3.8248
TTTTA	6.6920	574792	0.8868	0.9017	0.76	93.3080	4.1418
CGATA	6.6882	129885	93.3118	0.1394	2.38	1.4405	2.7255
CATGA	6.6689	131536	0.4455	2.2534	0.56	93.3311	3.4082
TACCA	6.6428	168859	0.2896	93.3572	1.41	1.1518	3.7919
ACTGA	6.6421	110748	1.2605	0.9932	0.68	93.3579	3.7129
CGGCA	6.6289	37623	2.3044	0.2392	93.37	0.7442	3.3410
TAGCG	6.6243	58602	1.8054	0.1928	93.38	0.5188	4.1074
AAGTC	6.6171	98306	3.4545	0.0804	93.38	0.8280	2.2542
AGGGC	6.6111	18590	4.1743	0.1614	93.39	0.3066	1.9688
CAATG	6.6012	179724	93.3988	0.2370	2.73	0.7128	2.9239
CAGTC	6.6011	45250	3.4320	0.0508	93.40	0.9193	2.1989
TGCTT	6.6006	203180	0.5852	93.3994	0.49	0.4991	5.0305
AGGAT	6.6002	90028	2.9424	0.0678	93.40	0.1377	3.4523
GAGTC	6.5921	34784	2.8145	0.1466	93.41	0.9257	2.7053
ATCAC	6.5832	138488	0.3856	93.4168	0.94	0.4643	4.7918
CCTGG	6.5642	32464	1.6695	1.5741	0.35	93.4358	2.9664
TCTTA	6.5457	131460	1.1273	0.9988	1.22	93.4543	3.2025
CATTG	6.5435	180210	0.7835	0.5410	2.91	93.4565	2.3051
GACCT	6.5386	42211	0.6112	93.4614	0.74	1.4025	3.7834
TGACG	6.5325	72132	93.4675	0.3064	3.16	0.5961	2.4705
TGCTA	6.5317	143546	1.0255	93.4683	0.22	0.7106	4.5797
CATAC	6.5309	112313	0.1861	2.0389	0.76	93.4691	3.5472
TCCCT	6.5282	35094	1.5159	93.4718	0.80	0.4730	3.7414
AGACT	6.5201	61425	93.4799	0.3077	3.51	0.2589	2.4453
TCTGT	6.5139	97377	1.9255	0.8729	0.30	93.4861	3.4187
CTTCA	6.4901	213525	0.9231	0.7676	1.26	93.5099	3.5401
GCTGT	6.4675	89494	1.9789	0.8637	0.27	93.5325	3.3522
CTGTT	6.4597	139015	2.7170	0.2906	93.54	1.3783	2.0739
CCGAC	6.4574	21665	3.5172	0.0877	93.54	0.2354	2.6171
CCATT	6.4305	194261	93.5695	0.2389	3.02	0.5899	2.5800
GTATT	6.4287	255028	93.5713	0.3023	3.00	0.2529	2.8777
TTGTC	6.4284	138355	3.5300	0.2790	93.57	0.6577	1.9616
ACAAT	6.4112	275923	93.5888	0.5088	1.86	0.7846	3.2578
TGCAA	6.4049	208497	0.8624	93.5951	0.47	1.5962	3.4763
TTAAT	6.3925	539992	93.6075	0.4246	1.80	0.5541	3.6171
TACTC	6.3670	54578	0.3976	93.6330	0.16	0.8721	4.9342
GACAA	6.3645	137340	0.6255	93.6355	0.50	3.0159	2.2266
CGACT	6.3553	45505	93.6447	0.1582	3.64	0.4813	2.0745
CGCTT	6.3446	94238	0.4160	93.6554	0.25	0.7534	4.9301
TTTTG	6.3298	306960	0.8532	0.8376	0.58	93.6702	4.0631
CATTA	6.3175	326824	1.0177	0.5336	2.83	93.6825	1.9356
ACAAC	6.3008	172533	93.6992	0.4440	1.96	1.0456	2.8482
TGACT	6.2973	106331	93.7027	0.2219	3.21	0.6141	2.2505
TTGGT	6.2896	188614	3.7245	0.1787	93.71	0.5774	1.8090
GACTC	6.2856	34762	0.8716	93.7144	0.26	1.6742	3.4808
AGAAC	6.2812	106890	93.7188	0.2676	2.74	0.3087	2.9685
CGATC	6.2776	31525	93.7224	0.0412	2.26	0.4473	3.5242
TTTTC	6.2681	325553	0.5317	0.8773	0.37	93.7319	4.4868
AGCTA	6.2617	115816	1.1458	93.7383	0.21	0.6795	4.2257
TGCCG	6.2298	37818	0.8382	93.7702	0.45	0.8990	4.0404
TGGCG	6.2272	67847	1.7068	0.2063	93.77	0.7148	3.5993
CCGGA	6.2204	17330	3.2949	0.2943	93.78	0.2077	2.4235
CAATA	6.2127	277142	93.7873	0.3240	2.33	0.6679	2.8920
TCTAT	6.2095	149673	0.4704	1.0510	0.26	93.7905	4.4270
TATGC	6.1927	117331	0.6298	0.7969	0.66	93.8073	4.1089
TACGG	6.1906	37040	0.3645	93.8094	0.24	1.3013	4.2819
CCTAA	6.1830	112211	1.1149	1.9143	0.35	93.8170	2.8045
GCGGA	6.1650	24266	1.9863	0.6017	93.83	0.6841	2.8929
AAGGT	6.1640	148751	2.5970	0.1035	93.84	0.4746	2.9889
GGCAG	6.1496	32604	0.7116	93.8504	0.58	1.3281	3.5333
TCTTG	6.1283	133659	1.1267	0.7594	1.13	93.8717	3.1124
ATCGC	6.1273	89778	1.3957	93.8727	0.39	0.3564	3.9898
AACCT	6.1045	104628	0.7723	93.8955	1.08	0.6901	3.5631
CAGGC	6.0998	32050	3.0234	0.1654	93.90	0.3495	2.5616
ATGTT	6.0972	285883	2.6371	0.5254	93.90	0.7335	2.2013
ACCAT	6.0639	178598	0.8337	93.9361	0.43	1.3858	3.4110
TGTGC	6.0584	81358	0.7338	1.1910	0.37	93.9416	3.7636
TGGGA	6.0562	53367	3.3654	0.3560	93.94	0.2305	2.1043
TAAAA	6.0483	574556	93.9517	0.4449	1.31	0.3516	3.9464
TGAAC	6.0360	147979	93.9640	0.1507	3.64	0.3494	1.8989
GAACA	6.0311	139594	93.9689	0.2500	2.63	0.8496	2.2995
TGGGC	6.0249	31353	3.6647	0.1754	93.98	0.4210	1.7638
TACAA	6.0242	253230	0.3037	93.9758	0.67	1.4264	3.6208
TGCGG	6.0222	27847	0.8870	93.9778	0.32	0.9516	3.8676
TGCTG	6.0202	139962	1.0603	93.9798	0.22	0.8131	3.9296
AATTA	6.0112	466213	0.4095	0.3884	3.35	93.9888	1.8620
TGCGA	6.0106	74136	1.1074	93.9894	0.56	1.1263	3.2211
CTTCC	6.0096	52749	1.1185	0.4834	0.88	93.9904	3.5280
CAAAA	6.0082	305764	93.9918	0.3248	1.21	0.3359	4.1355
AGCTC	5.9936	34203	1.6461	94.0064	0.09	0.5087	3.7482
GCTCC	5.9864	20062	1.9240	0.5782	0.33	94.0136	3.1502
GCTGA	5.9822	93761	1.1295	0.9226	0.55	94.0178	3.3820
AGCAG	5.9790	102241	0.6700	94.0210	0.53	1.3791	3.3969
AGACC	5.9771	38999	94.0229	0.2128	2.87	0.5257	2.3693
GTAAC	5.9629	111304	94.0371	0.4896	2.28	0.3252	2.8696
TGATA	5.9494	291190	94.0506	0.1827	1.81	1.3963	2.5650
ATAAC	5.9483	203656	94.0517	0.6177	1.79	0.4203	3.1249
ACTAC	5.9426	83246	0.1682	1.2986	0.29	94.0574	4.1828
TGTGG	5.9401	61363	0.6242	1.3265	0.54	94.0599	3.4500
ATAAT	5.9394	445517	94.0606	0.6525	1.86	0.3338	3.0912
CTTCG	5.9211	61205	1.1045	0.7385	0.84	94.0789	3.2367
CGTAT	5.9180	109649	0.3803	1.1172	0.30	94.0820	4.1168
TTGTT	5.9029	368346	2.0492	0.2316	94.10	1.3086	2.3136
TGCAG	5.9019	116792	0.9136	94.0981	0.52	1.0343	3.4343
AGGTC	5.8857	41830	3.3254	0.0885	94.11	1.0328	1.4392
TTAAC	5.8818	242495	94.1182	0.4520	1.70	0.5501	3.1815
AACTA	5.8782	160321	0.3275	94.1218	0.35	0.8346	4.3681
CTATG	5.8672	75675	94.1328	0.5550	1.79	0.3885	3.1292
CTATA	5.8560	133503	94.1440	0.9453	1.52	0.5094	2.8793
GTCGT	5.8512	69353	1.5183	94.1488	0.90	0.6431	2.7930
CCTGT	5.8302	62142	1.5803	0.7917	0.30	94.1698	3.1573
GTCAT	5.8218	157322	1.2725	94.1782	0.88	0.9255	2.7409
AGCGA	5.7957	82233	0.5375	94.2043	0.21	1.9834	3.0669
GTCTC	5.7939	34588	1.8532	94.2061	0.63	0.3932	2.9172
GTGGT	5.7843	89950	2.4981	0.2157	94.22	0.7526	2.3180
GTCTT	5.7765	106777	1.3917	94.2235	1.29	0.6312	2.4640
GTGTT	5.7740	140682	1.7927	0.3156	94.23	0.9845	2.6812
ACCTC	5.7641	46130	1.0991	94.2359	0.19	0.9820	3.4901
TACAT	5.7625	196772	0.2439	94.2375	0.20	1.0123	4.3096
CGTAA	5.7366	101924	0.5769	1.3461	0.58	94.2634	3.2357
CTAAC	5.7325	85163	94.2675	0.3253	1.36	0.8713	3.1727
GAACT	5.7231	79345	94.2769	0.3037	3.10	0.2546	2.0682
TACTA	5.7226	150560	0.2557	94.2774	0.19	0.7452	4.5298
ACATC	5.7096	152638	94.2904	0.2909	1.80	0.2431	3.3720
ATATG	5.7034	250587	94.2966	0.4833	1.97	0.1708	3.0840
TTATG	5.6905	211475	94.3095	0.5457	2.11	0.2473	2.7880
GACTG	5.6852	45346	0.4146	94.3148	0.22	2.1303	2.9198
ACTGT	5.6565	101424	1.6604	0.7986	0.25	94.3435	2.9490
TACCG	5.6540	56686	0.3669	94.3460	0.81	0.8080	3.6693
CAAGC	5.6484	96877	94.3516	0.1476	1.70	0.3582	3.4384
TAGAT	5.6308	171432	3.8237	0.1732	94.37	0.1540	1.4799
AGGCA	5.6274	63902	2.1392	0.5524	94.37	0.2551	2.6807
GCTTC	5.6167	113500	1.1304	0.7612	0.29	94.3833	3.4379
GACAG	5.6162	52046	0.4496	94.3838	0.41	2.2192	2.5420
CGGTC	5.6137	22356	3.0730	0.0447	94.39	1.2659	1.2301
CTCGT	5.5999	39840	1.6165	94.4001	0.51	0.3916	3.0823
TATGA	5.5930	225816	0.4552	1.2723	0.84	94.4070	3.0299
AGCGG	5.5886	32620	0.5641	94.4114	0.17	1.7382	3.1116
GTCAA	5.5878	114231	1.0269	94.4122	0.76	1.5057	2.2910
GGCAT	5.5787	82959	1.2910	94.4213	0.10	0.9161	3.2751
TGTTA	5.5781	243274	0.8719	0.5414	1.76	94.4219	2.4072
GGTAT	5.5749	135392	1.0074	1.4573	0.26	94.4251	2.8532
GTCAG	5.5653	44957	1.1878	94.4347	1.00	1.0810	2.2978
GGCGT	5.5653	44526	1.2914	94.4347	0.12	0.5480	3.6024
GCTCT	5.5242	43934	1.3475	0.5508	0.40	94.4758	3.2253
CAGGT	5.5179	96758	2.9248	0.1230	94.48	0.4113	2.0587
CTAAT	5.5172	224462	94.4828	0.4130	1.53	0.6389	2.9386
CCAAT	5.5090	163078	94.4910	0.4041	1.38	0.5991	3.1280
TGATG	5.5087	251221	94.4913	0.1676	2.05	1.0445	2.2474
GCTCA	5.5047	58477	1.2843	0.6567	0.41	94.4953	3.1568
TCTCG	5.5015	31755	0.7054	0.5731	0.27	94.4985	3.9490
GAATC	5.5006	119533	94.4994	0.1054	2.42	0.2744	2.6972
TCTCA	5.4657	69945	0.6805	0.8206	0.47	94.5343	3.4942
GCGTC	5.4473	34237	2.2841	0.1110	94.55	0.2658	2.7865
TGACC	5.4462	62943	94.5538	0.1970	2.01	0.6927	2.5436
GTCGG	5.4284	21627	1.0589	94.5716	0.55	1.0727	2.7512
CGACC	5.4215	25491	94.5785	0.1098	2.35	0.8591	2.1066
TACTT	5.4210	222708	0.2946	94.5790	0.40	0.4149	4.3124
TGGTC	5.4099	71461	2.9583	0.0896	94.59	0.9096	1.4525
TGCGT	5.3894	70397	1.1378	94.6106	0.64	0.4943	3.1180
GAAAC	5.3867	136707	94.6133	0.3343	2.21	0.2685	2.5697
GCTGG	5.3729	56208	1.1618	1.0532	0.25	94.6271	2.9106
GAAAA	5.3721	324267	94.6279	0.1968	1.02	0.1752	3.9847
CGTAG	5.3692	33264	0.6103	1.2055	0.63	94.6308	2.9251
TTATA	5.3650	327232	94.6350	0.9663	1.41	0.3111	2.6727
TTGGA	5.3563	137092	2.3021	0.1729	94.64	0.8389	2.0424
TATAC	5.3456	145448	0.1746	1.4748	0.67	94.6544	3.0279
TATAG	5.3241	133188	0.3649	1.4821	0.62	94.6759	2.8576
TCGTC	5.3025	65648	3.3390	0.0823	94.70	0.3610	1.5202
GAATG	5.3004	124462	94.6996	0.3608	1.63	0.5994	2.7069
ACGTC	5.2979	62176	2.5524	0.1287	94.70	0.2268	2.3900
GGTAC	5.2904	71696	1.5873	0.8438	0.29	94.7096	2.5720
CTGGT	5.2901	95027	2.7424	0.3104	94.71	0.4746	1.7627
GTCGA	5.2733	47655	1.0975	94.7267	0.64	1.0933	2.4384
TATAA	5.2584	326563	0.3172	1.7914	0.49	94.7416	2.6561
GGCGG	5.2473	23555	0.6198	94.7527	0.13	1.3161	3.1840
TAGGT	5.2438	115146	3.1395	0.2128	94.76	0.3318	1.5598
TTTTT	5.2382	580071	0.5115	0.8120	0.50	94.7618	3.4156
CATGC	5.2367	72966	0.4166	0.6907	0.58	94.7633	3.5523
CAAAG	5.2358	142709	94.7642	0.2901	1.33	0.3427	3.2717
GTCTA	5.2280	70582	1.2383	94.7720	0.61	0.5285	2.8520
ATTGC	5.2026	211258	0.7981	0.4833	0.40	94.7974	3.5166
TGCAT	5.1933	188687	0.7923	94.8067	0.17	0.8739	3.3595
GGCGA	5.1755	42276	0.7853	94.8245	0.16	1.3388	2.8882
TACCT	5.1613	136089	0.4269	94.8387	0.59	0.4953	3.6483
ATGGT	5.1566	178918	2.8672	0.1861	94.84	0.3353	1.7678
AGGCG	5.1557	42516	1.7311	0.2634	94.84	0.2822	2.8789
ATTGG	5.1524	162022	0.3543	0.4555	0.41	94.8476	3.9334
TACTG	5.1492	118796	0.3039	94.8508	0.16	0.7526	3.9362
TGGAA	5.1415	137100	0.9110	0.3953	94.86	0.2487	3.5864
GTATG	5.1356	112313	94.8644	0.3561	1.51	0.2413	3.0281
TCAAC	5.1343	182421	94.8657	0.8009	1.70	0.5076	2.1231
GAATA	5.1130	193075	94.8870	0.5609	1.59	0.5148	2.4472
GCTCG	5.0942	20965	1.5979	0.6869	0.21	94.9058	2.5996
AACTC	5.0903	68581	0.3777	94.9097	0.18	0.6153	3.9195
ATCTC	5.0762	73736	1.0972	94.9238	0.44	0.1546	3.3796
AACAA	5.0745	367642	0.4412	94.9255	0.50	2.1091	2.0229
GCTAC	5.0497	63330	0.3111	0.9679	0.22	94.9503	3.5481
ATTAG	5.0386	223376	0.4495	0.6062	1.53	94.9614	2.4488
AAGAC	5.0310	106421	1.4151	0.2556	94.97	0.2697	3.0906
CAGGA	5.0215	56776	1.6803	0.0810	94.98	0.1761	3.0840
CGTAC	5.0074	49826	0.2770	0.9774	0.56	94.9926	3.1951
ACTTC	4.9965	132573	0.6080	0.7694	0.44	95.0035	3.1771
TGTCT	4.9904	105703	0.8467	0.6216	0.39	95.0096	3.1276
AAAAC	4.9700	258490	95.0300	0.3807	1.54	0.2240	2.8291
ATTGT	4.9616	277331	0.5210	0.4655	0.57	95.0384	3.4010
TATGG	4.9295	128046	0.4592	0.8653	0.38	95.0705	3.2285
GTTTT	4.9293	258964	0.5665	0.6236	0.39	95.0707	3.3526
ACTGG	4.9226	64031	0.9714	0.7153	0.29	95.0774	2.9501
GAAAT	4.9115	280421	95.0885	0.1926	1.49	0.3242	2.9031
TCTCC	4.9073	47378	0.7345	0.4580	0.50	95.0927	3.2188
TAAAG	4.8956	325272	95.1044	0.3665	1.37	0.2404	2.9160
GGCTT	4.8668	65361	1.3142	95.1332	0.16	0.4651	2.9314
TTCAA	4.8661	382479	0.6032	95.1339	0.53	1.3478	2.3824
GTCTG	4.8356	47481	1.3037	95.1644	0.64	0.3601	2.5315
CTCTA	4.8339	70130	1.1293	95.1661	0.37	0.3023	3.0287
CTCAT	4.8273	89656	0.8432	95.1727	0.58	0.3603	3.0483
AAGAT	4.8050	254944	1.2634	0.0934	95.20	0.2895	3.1587
CCAAC	4.7786	98188	95.2214	0.3127	1.25	0.7262	2.4932
CTCTT	4.7684	87179	0.9096	95.2316	0.44	0.3109	3.1085
GCGAC	4.7469	39542	1.3808	0.0632	95.25	0.1593	3.1435
GTGGA	4.7424	58452	1.0898	0.1916	95.26	1.3156	2.1454
AGTAA	4.7284	191819	0.7106	1.0166	0.49	95.2716	2.5097
TCAAT	4.7232	325349	95.2768	0.7057	1.67	0.2576	2.0931
GACGG	4.7162	24681	0.3201	95.2838	0.18	2.0177	2.2001
TGGGT	4.7129	48717	2.8368	0.3079	95.29	0.4229	1.1454
CCTAT	4.6952	66749	0.4075	1.0592	0.13	95.3048	3.0967
TTCGT	4.6893	112022	1.1471	95.3107	0.53	0.8534	2.1567
AACGG	4.6869	52956	0.3342	95.3131	0.26	1.1689	2.9251
GGGAC	4.6844	18060	0.9524	0.0554	95.32	0.2326	3.4441
TTCAG	4.6675	159549	0.6694	95.3325	0.67	1.1382	2.1924
GTGAA	4.6611	144194	1.1055	0.2094	95.34	0.7240	2.6222
CATGT	4.6527	124187	0.3044	0.5733	0.12	95.3473	3.6582
CCTTC	4.6445	76650	0.9250	0.6967	0.68	95.3555	2.3431
ATTAA	4.6443	538470	0.5111	0.6834	1.10	95.3557	2.3478
CGGTT	4.6398	50024	0.9535	0.0480	95.36	2.3988	1.2394
GCTAG	4.6097	39178	0.5820	1.0210	0.39	95.3903	2.6188
AGATG	4.6075	177430	95.3925	0.1482	1.76	0.4622	2.2341
GTATA	4.6045	145335	95.3955	0.4878	1.33	0.2821	2.5046
CTGAA	4.6039	159365	1.1797	0.8390	95.40	0.2755	2.3098
CTCTG	4.6016	35401	1.1130	95.3984	0.34	0.2401	2.9123
AGCGT	4.5726	62065	0.6042	95.4274	0.13	0.5381	3.3030
GACGA	4.5698	64992	0.3677	95.4302	0.27	2.0649	1.8664
TGTCC	4.5579	52239	0.8231	0.4747	0.48	95.4421	2.7776
CTCAA	4.5566	96168	0.7934	95.4434	0.40	0.4638	2.8949
TAATC	4.5342	211965	95.4658	0.1208	1.75	0.4892	2.1787
GGTAA	4.5279	144703	0.6254	1.1209	0.45	95.4721	2.3282
AACAG	4.5223	138911	0.3038	95.4777	0.51	1.4059	2.3044
CTCGG	4.4868	12080	1.1010	95.5132	0.27	0.2897	2.8228
TGTGT	4.4856	106407	0.8317	0.8796	0.24	95.5144	2.5346
AACGA	4.4824	140549	0.4390	95.5176	0.40	1.3020	2.3437
ACTAG	4.4814	58374	0.4660	1.0433	0.33	95.5186	2.6416
GCTAA	4.4699	152172	0.6197	1.0022	0.27	95.5301	2.5813
ATGAA	4.4670	328882	1.6574	0.2989	95.53	0.2776	2.2330
TGATC	4.4626	102227	95.5374	0.0802	2.20	0.2778	1.9046
TATGT	4.4529	178804	0.4502	0.5632	0.21	95.5471	3.2326
AAAAT	4.4421	621525	95.5579	0.2534	1.30	0.3088	2.5843
CATGG	4.4337	67416	0.3634	0.8959	0.29	95.5663	2.8880
AGATA	4.4114	210818	95.5886	0.2462	1.55	0.4207	2.1910
ATCAT	4.4052	355602	0.7576	95.5948	0.87	0.3746	2.4072
AGATC	4.4052	49714	95.5948	0.0704	1.83	0.2092	2.2971
CCGAT	4.4004	49155	2.1076	0.2360	95.60	0.1160	1.9408
ACTCT	4.3770	52319	0.6766	0.3689	0.37	95.6230	2.9588
CAAAT	4.3727	316967	95.6273	0.3527	1.83	0.3221	1.8658
AATAA	4.3561	504187	0.4760	1.6585	0.52	95.6439	1.7031
AGTAT	4.3517	174139	0.5892	0.8821	0.20	95.6483	2.6772
CAAAC	4.3479	147151	95.6521	0.1617	2.34	0.3914	1.4522
ACTAA	4.3345	178197	0.3378	1.1487	0.28	95.6655	2.5668
TTCGA	4.3324	101306	0.7147	95.6676	0.32	0.9990	2.2950
TTCGG	4.3290	47263	0.6771	95.6710	0.32	0.9310	2.4057
AAAAA	4.3223	579095	95.6777	0.1780	1.13	0.1889	2.8230
TTGAA	4.3191	382370	1.1983	0.2155	95.68	0.5871	2.3182
AGCTG	4.3166	101539	0.6894	95.6834	0.17	0.5042	2.9565
AGCAT	4.3122	157160	0.3932	95.6878	0.08	0.8584	2.9779
GATTG	4.2727	155407	0.1776	0.3784	1.89	95.7273	1.8287
ATTTT	4.2724	622712	0.4585	0.5707	0.65	95.7276	2.5967
ATTGA	4.2620	325719	0.3614	0.6196	0.65	95.7380	2.6293
GACGT	4.2403	62142	0.3251	95.7597	0.18	0.6952	3.0366
GACAT	4.2393	123039	0.2259	95.7607	0.20	1.4239	2.3944
CTCAG	4.2328	36217	0.9001	95.7672	0.65	0.3369	2.3470
GGTAG	4.2207	44068	0.5537	0.9599	0.44	95.7793	2.2670
AATAG	4.2137	174408	0.4507	1.4575	0.48	95.7863	1.8268
ATATA	4.2087	326038	95.7913	0.8229	1.73	0.1917	1.4621
TGTTG	4.2016	251926	0.7562	0.5371	0.87	95.7984	2.0335
GCGTT	4.1960	85509	1.1274	0.1240	95.80	0.5052	2.4395
CAATC	4.1711	155354	95.8289	0.0837	2.07	0.2665	1.7508
GCATC	4.1702	113137	95.8298	0.1697	1.81	0.1662	2.0285
AATAC	4.1701	253761	0.1840	1.4470	0.54	95.8299	1.9991
ATCAA	4.1663	363609	0.8088	95.8337	0.51	0.5341	2.3132
GAGTT	4.1610	68156	0.9288	0.0939	95.84	0.9478	2.1906
ATCGT	4.1539	139941	0.9575	95.8461	0.67	0.2937	2.2281
CTCGA	4.1449	28010	0.9925	95.8551	0.32	0.3963	2.4313
TTCAT	4.1366	328648	0.6259	95.8634	0.45	0.9503	2.1153
CCGTT	4.1305	52657	1.9390	0.1481	95.87	0.6856	1.3578
ATTAC	4.1178	231555	0.1421	0.5822	0.60	95.8822	2.7976
TCATC	4.1147	210050	95.8853	0.2347	2.02	0.2609	1.6006
CATAT	4.0940	249953	0.1124	1.2534	0.19	95.9060	2.5337
TGTCA	4.0640	136416	0.5579	0.7191	0.33	95.9360	2.4557
GTGAT	4.0548	139613	1.1861	0.2478	95.95	0.2342	2.3866
TACGT	4.0282	103718	0.5496	95.9718	0.31	0.5284	2.6370
TAAAC	4.0194	224858	95.9806	0.3233	1.78	0.3829	1.5379
TTCTA	4.0181	199947	0.4981	95.9819	0.20	0.4266	2.8903
TAGTT	4.0176	160794	1.6661	0.1194	95.98	0.8974	1.3346
TTCTC	3.9983	91989	0.9121	96.0017	0.15	0.4011	2.5394
ATCAG	3.9904	122668	0.8348	96.0096	0.75	0.3848	2.0233
AACTG	3.9814	143744	0.1802	96.0186	0.31	0.7520	2.7361
AACGT	3.9619	147884	0.4165	96.0381	0.22	0.6221	2.7055
AACAT	3.9549	285949	0.1402	96.0451	0.17	1.3226	2.3210
TAAAT	3.9548	528224	96.0452	0.6096	1.43	0.2874	1.6306
ATTAT	3.9069	443193	0.2448	0.5652	0.56	96.0931	2.5391
GCGAT	3.8956	89948	1.3775	0.1456	96.10	0.1534	2.2191
CGTGT	3.8674	55955	0.5701	0.5933	0.11	96.1326	2.5985
CGTGA	3.8598	57334	0.4796	0.7116	0.36	96.1402	2.3040
TCGAC	3.8548	47551	1.6719	0.1220	96.15	0.1809	1.8801
GTGAC	3.8407	61395	0.8551	0.1108	96.16	0.2378	2.6370
ACTAT	3.8149	149727	0.2117	0.7487	0.19	96.1851	2.6622
ACTCC	3.8142	28263	0.5944	0.3963	0.44	96.1858	2.3812
GCTAT	3.8026	106531	0.2591	0.6421	0.17	96.1974	2.7288
TTCTT	3.8024	323082	0.5172	96.1976	0.44	0.7509	2.0954
AAGTT	3.7710	247944	1.1579	0.1170	96.23	0.8429	1.6532
ATATC	3.7480	237970	96.2520	0.5421	1.40	0.0727	1.7380
AGGTT	3.7464	104368	0.7090	0.0767	96.25	1.3500	1.6106
CTCTC	3.7439	27645	1.1792	96.2561	0.21	0.2858	2.0727
TCGAT	3.7250	115167	1.9615	0.3560	96.27	0.1042	1.3033
AATGA	3.7222	363119	0.3886	0.9845	0.39	96.2778	1.9550
AATAT	3.6803	491915	0.2169	0.8961	0.19	96.3197	2.3774
TTCTG	3.6753	128779	0.5040	96.3247	0.23	0.4387	2.5035
TGTCG	3.6472	74496	0.6819	0.5853	0.29	96.3528	2.0927
GGACA	3.6357	51600	96.3643	0.1550	0.73	1.0620	1.6841
GGTCT	3.6332	38946	1.1041	0.4493	0.36	96.3668	1.7178
ACGAT	3.6119	139512	1.5569	0.1849	96.39	0.1577	1.7124
ATCGG	3.6060	48835	0.5734	96.3940	0.39	0.3829	2.2627
AGTAG	3.5999	90836	0.6121	0.7156	0.36	96.4001	1.9111
ACGAC	3.5946	68964	1.0368	0.1015	96.41	0.2103	2.2461
GGTGT	3.5926	103603	0.9266	0.5183	0.22	96.4074	1.9256
ATCGA	3.5924	114966	0.6645	96.4076	0.48	0.3801	2.0702
CCTCT	3.5648	45304	0.4834	0.3576	0.20	96.4352	2.5207
ATGAC	3.5320	156398	0.9962	0.1611	96.47	0.3696	2.0051
AGTGT	3.5272	84656	0.6202	0.4536	0.31	96.4728	2.1440
AGTAC	3.5084	88445	0.6151	0.7835	0.33	96.4916	1.7830
ACGTT	3.5055	147766	1.2371	0.0832	96.49	0.4020	1.7832
ATGAT	3.5013	356093	1.3631	0.2940	96.50	0.2129	1.6313
TGGTT	3.4982	159053	1.0053	0.1037	96.50	1.3096	1.0795
ACTCA	3.4956	85708	0.4865	0.4212	0.39	96.5044	2.1982
AATGT	3.4902	267063	0.2561	0.5186	0.15	96.5098	2.5664
ATGGA	3.4816	137007	1.3620	0.2197	96.52	0.2467	1.6532
CCATC	3.4683	97309	96.5317	0.2138	1.42	0.2168	1.6165
GGACC	3.4589	26887	96.5411	0.0409	0.97	1.0674	1.3836
GATAT	3.4488	237445	0.1878	0.8381	0.20	96.5512	2.2186
AATGC	3.3908	205554	0.3386	0.5721	0.26	96.6092	2.2164
ATCTA	3.3840	171807	0.6763	96.6160	0.49	0.1688	2.0471
CTGAC	3.3737	45143	0.7000	0.2392	96.63	0.3611	2.0734
GTTTC	3.3693	136795	1.1126	0.5600	0.24	96.6307	1.4606
GATAA	3.3641	269193	0.3615	1.1642	0.31	96.6359	1.5309
GGACG	3.3629	28279	96.6371	0.1450	0.86	0.8840	1.4781
CTGGA	3.3425	61989	1.2115	0.3694	96.66	0.2936	1.4680
TCTTC	3.3360	182705	0.8204	0.4280	0.36	96.6640	1.7296
ATTTG	3.3093	316718	0.2848	0.6211	0.57	96.6907	1.8376
CAGTT	3.2858	143984	1.1300	0.0625	96.71	0.7834	1.3099
CTATC	3.2684	89248	96.7316	0.4852	1.18	0.1894	1.4152
CGTGC	3.2300	42260	0.4567	0.4638	0.18	96.7700	2.1297
ATCTG	3.2271	117878	0.6829	96.7729	0.38	0.1502	2.0156
GATAG	3.2039	88954	0.4025	1.0421	0.22	96.7961	1.5367
CCTCC	3.1809	28765	0.5667	0.4658	0.38	96.8191	1.7695
GGTGA	3.1681	92169	0.4524	0.7410	0.23	96.8319	1.7435
TTGAC	3.1674	114701	0.7271	0.1020	96.83	0.2772	2.0610
TCTCT	3.1616	78821	0.5532	0.3273	0.28	96.8384	2.0058
ATTCT	3.1453	176390	0.3271	0.4280	0.61	96.8547	1.7784
ACTCG	3.1432	34964	0.6864	0.3632	0.29	96.8568	1.8047
TGTTC	3.1360	139891	0.8428	0.4117	0.35	96.8640	1.5341
GTTAT	3.1314	203358	0.1987	0.6142	0.30	96.8686	2.0211
CGTCC	3.1313	28774	1.0947	0.2815	0.19	96.8687	1.5674
CGTCT	3.1034	53328	0.7369	0.3788	0.18	96.8966	1.8114
GATAC	3.0838	124004	0.1710	1.0185	0.23	96.9162	1.6628
GGATG	3.0780	61014	96.9220	0.0688	0.45	1.0817	1.4800
GGACT	3.0654	31187	96.9346	0.0545	0.85	0.7247	1.4365
CTGAT	3.0564	122824	0.8549	0.5968	96.94	0.2638	1.3409
TCGTT	3.0351	140654	1.4091	0.0967	96.96	0.3797	1.1496
GACTT	3.0302	98277	0.3826	96.9698	0.20	0.4620	1.9811
TTATC	3.0050	268154	96.9950	0.3670	1.30	0.1264	1.2124
GGATA	2.9983	87583	97.0017	0.0799	0.50	0.8598	1.5619
GTTGT	2.9880	172660	0.3249	0.5624	0.21	97.0120	1.8869
CGTTA	2.9850	115678	0.4478	0.3138	0.82	97.0150	1.4048
GTATC	2.9708	123233	97.0292	0.2864	1.13	0.1217	1.4290
CGTGG	2.9479	29513	0.4269	0.5997	0.17	97.0521	1.7552
TATTC	2.9415	193643	0.4173	0.4493	0.53	97.0585	1.5472
TATCC	2.9328	87595	0.4235	0.2786	0.37	97.0672	1.8654
ATTTA	2.9295	528764	0.2716	0.5825	0.59	97.0705	1.4806
TTGAT	2.9214	364551	1.0344	0.2384	97.08	0.2107	1.4379
AACTT	2.9019	247457	0.1786	97.0981	0.23	0.3641	2.1256
CCTCA	2.8767	43487	0.3886	0.5910	0.35	97.1233	1.5430
AGTCT	2.8736	61456	0.6558	0.3954	0.27	97.1264	1.5572
GTTAA	2.8688	243408	0.3180	0.5070	0.41	97.1312	1.6359
GATGT	2.8672	152935	0.2328	0.5277	0.14	97.1328	1.9623
AGCTT	2.8507	132880	0.3522	97.1493	0.13	0.2634	2.1011
CGGAT	2.8447	41023	1.1871	0.2072	97.16	0.2218	1.2286
CGTTG	2.8436	90555	0.3346	0.3666	0.68	97.1564	1.4610
CATTC	2.8286	124512	0.4642	0.3654	0.72	97.1714	1.2770
TATCT	2.8215	210843	0.3533	0.3742	0.27	97.1785	1.8194
ATCTT	2.8040	254960	0.5989	97.1960	0.68	0.1898	1.3359
ATTTC	2.8038	280941	0.3567	0.6001	0.28	97.1962	1.5715
AGTGA	2.7836	124837	0.3981	0.5559	0.25	97.2164	1.5765
AGTGC	2.7615	64964	0.5526	0.3463	0.46	97.2385	1.4023
GATTA	2.7518	211719	0.2272	0.3547	0.70	97.2482	1.4737
GTTAC	2.7285	111675	0.1182	0.4621	0.34	97.2715	1.8052
CATCT	2.7254	177696	0.3500	0.3236	0.25	97.2746	1.8031
AGTTA	2.7116	197448	0.6113	0.2856	0.63	97.2884	1.1836
GTTAG	2.6975	84932	0.2331	0.4227	0.43	97.3025	1.6142
TATAT	2.6891	326907	0.1514	0.9697	0.20	97.3109	1.3652
CGTCA	2.6814	72574	0.6462	0.3665	0.20	97.3186	1.4716
AGTTG	2.6628	161485	0.4818	0.3400	0.75	97.3372	1.0948
GTTGC	2.6611	118033	0.3211	0.4524	0.13	97.3389	1.7529
CCTCG	2.6504	14828	0.3777	0.5732	0.20	97.3496	1.4972
GGTGC	2.6483	80617	0.7232	0.4441	0.15	97.3517	1.3297
GTTCC	2.5828	49908	0.6873	0.3426	0.15	97.4172	1.3986
ATTCA	2.5723	285693	0.2174	0.6139	0.33	97.4277	1.4159
AATGG	2.5594	193368	0.2762	0.5192	0.18	97.4406	1.5856
GTTTA	2.5573	224730	0.6239	0.4654	0.22	97.4427	1.2486
AGTCC	2.5524	31030	0.6349	0.2900	0.58	97.4476	1.0506
AATTC	2.5493	232970	0.1927	0.2957	0.97	97.4507	1.0898
TGGAT	2.5174	145862	1.1696	0.1255	97.48	0.1974	1.0249
AATCT	2.4808	180465	0.2604	0.3807	0.22	97.5192	1.6247
GTTTG	2.4616	146854	0.5257	0.4664	0.14	97.5384	1.3251
GATGA	2.4476	210045	0.2614	0.6522	0.23	97.5524	1.3026
GTTCT	2.4233	107005	0.4775	0.4589	0.27	97.5767	1.2186
ATTCC	2.4181	101483	0.2148	0.3804	0.22	97.5819	1.5983
GGTTA	2.3980	86905	0.7215	0.2681	0.20	97.6020	1.2071
GTTGA	2.3946	181697	0.2378	0.5702	0.22	97.6054	1.3677
TATCA	2.3909	290147	0.3367	0.3719	0.26	97.6091	1.4196
ATTCG	2.3904	107053	0.2606	0.4082	0.23	97.6096	1.4927
GGATC	2.3678	40839	97.6322	0.0269	0.59	0.4383	1.3149
GGTCC	2.3503	26507	0.6866	0.3169	0.30	97.6497	1.0488
GGTCA	2.3120	62673	0.4164	0.5186	0.16	97.6880	1.2126
CATCC	2.3114	60698	0.3921	0.2422	0.36	97.6886	1.3180
GGTTC	2.3050	66941	0.8082	0.3047	0.31	97.6950	0.8829
AGTCA	2.2805	106206	0.3663	0.5216	0.31	97.7195	1.0790
GTTCA	2.2711	147548	0.4995	0.4975	0.20	97.7289	1.0695
GATGC	2.2691	113834	0.2073	0.4858	0.21	97.7309	1.3687
GGTGG	2.2370	70183	0.3861	0.5357	0.19	97.7630	1.1271
AGTGG	2.2217	59594	0.3641	0.4094	0.16	97.7783	1.2887
GGTTG	2.2197	66091	0.6612	0.3283	0.16	97.7803	1.0652
GTTGG	2.2105	97672	0.2314	0.4720	0.14	97.7895	1.3689
AATCC	2.1966	127241	0.6287	0.2641	0.25	97.8034	1.0508
GATCC	2.1170	40718	0.3610	0.3144	0.46	97.8830	0.9848
GATTC	2.1023	119538	0.1188	0.3957	0.70	97.8977	0.8876
CGTCG	2.0734	32507	0.5599	0.2861	0.12	97.9266	1.1044
TATCG	2.0732	129941	0.2878	0.3178	0.22	97.9268	1.2429
CATCA	1.9777	249629	0.3149	0.3750	0.22	98.0223	1.0648
CATCG	1.9598	85112	0.3231	0.3125	0.16	98.0402	1.1643
CGTTC	1.9327	66642	0.4292	0.3046	0.32	98.0673	0.8808
GTTCG	1.9308	48425	0.4233	0.4295	0.15	98.0692	0.9272
GGTCG	1.9046	25464	0.5341	0.3534	0.14	98.0954	0.8757
GATCT	1.8895	49378	0.1721	0.3483	0.11	98.1105	1.2576
GATGG	1.8630	97908	0.2216	0.4831	0.08	98.1370	1.0775
AGTCG	1.8259	45675	0.3897	0.3350	0.21	98.1741	0.8889
AATCA	1.7651	338104	0.1778	0.4434	0.23	98.2349	0.9187
TGGAC	1.7531	61605	0.8116	0.0341	98.25	0.1266	0.7808
AGTTC	1.7254	79461	0.4077	0.2681	0.36	98.2746	0.6871
AATCG	1.6666	146704	0.2065	0.3251	0.14	98.3334	0.9972
AGGAC	1.6626	40840	0.5485	0.0416	98.34	0.1298	0.9427
GATCA	1.4490	102485	0.1464	0.4205	0.11	98.5510	0.7757
GATCG	1.4456	31752	0.1417	0.3559	0.07	98.5544	0.8755
CGGAC	1.3668	17413	0.3446	0.0459	98.63	0.1493	0.8270
